NO,NAMA JAMU,KHASIAT,KANDUNGAN,ATURAN MINUM,EFEK SAMPING,JENIS,PRODUSEN,LOKASI PEMASARAN,LOKASI PRODUKSI,KABUPATEN,PERIZINAN
1,Galian Rapat Wangi,"mengurangi bau badan, mengurangi bau tidak sedap serta membuat rapet dan kesed area kewanitaan","kunci, kunyit, pinang muda parabes",,tidak ada,pil,Madura Sari,Jl Pahlawan 21 Sampang,Jl Pahlawan 21 Sampang,Sampang,KEMENKES
2,Empot-empot legit,"Mengurangi lendir berlebih, mengatasi keputihan serta menimbulkan sensasi denyut saat berhubungan","kunci, kunyit, pinang muda parabes",,tidak ada,pil,Madura Sari,Jl Pahlawan 21 Sampang,Jl Pahlawan 21 Sampang,Sampang,KEMENKES
3,galian singset,"mengurangi lemak dalam tubuh, menambah nafsu makan dan melancarkan BAB","kunyit, daun sirih, delima putih",,tidak ada,pil,Madura Sari,Jl Pahlawan 21 Sampang,Jl Pahlawan 21 Sampang,Sampang,KEMENKES
4,jamu kecantikan,"perawatan khusus remaja putri, mengurangi bau badan dan mengatasi keputihan","daun sirih, kunyit, kulit manggis, kunci, pinang muda",,tidak ada,pil,Madura Sari,Jl Pahlawan 21 Sampang,Jl Pahlawan 21 Sampang,Sampang,KEMENKES
5,jamu galian montok,untuk menambah nafsu makan,"temulawak , jahe",,tidak ada,pil,Madura Sari,Jl Pahlawan 21 Sampang,Jl Pahlawan 21 Sampang,Sampang,KEMENKES
6,jamu terlambat bulan (lancar darah),mengurangi nyeri haid dan melancarkan peredaran darah sehingga lebih teratur,"kunyit, kunci",,tidak ada,pil,Madura Sari,Jl Pahlawan 21 Sampang,Jl Pahlawan 21 Sampang,Sampang,KEMENKES
7,jamu melancarkan asi (pejje),melancarkan keluarnya ASI,"daun katule,kedawung, morinya, kulit manggis, temu ireng",,tidak ada,pil,Madura Sari,Jl Pahlawan 21 Sampang,Jl Pahlawan 21 Sampang,Sampang,KEMENKES
8,serbuk wasiat dan butiran delima,mengatasi keputihan dan lendir berlebih di area kewanitaan,"manjakani, daun sirih, pinang muda, air kapur sirih",,tidak ada,pil,Madura Sari,Jl Pahlawan 21 Sampang,Jl Pahlawan 21 Sampang,Sampang,KEMENKES
9,parfum rempah,menyegarkan bau badan dengan aroma khas rempah khas,"kayu gaharu, sentok",,tidak ada,cair,Madura Sari,Jl Pahlawan 21 Sampang,Jl Pahlawan 21 Sampang,Sampang,KEMENKES
10,cebokan rempah,mengatasi keputihan dan gatal akibat bakteri dan jamur,"temu gunung, daun sirih",,tidak ada,serbuk,Madura Sari,Jl Pahlawan 21 Sampang,Jl Pahlawan 21 Sampang,Sampang,KEMENKES
11,pancuran nikmat,antiseptic kewanitaan tanpa dibilas,"daun sirih, air kapur sirih, kunci",,tidak ada,cair,Madura Sari,Jl Pahlawan 21 Sampang,Jl Pahlawan 21 Sampang,Sampang,KEMENKES
12,sabun kesed,sabun khusus wanita untuk mengatasi keputihan,"minyak zaitun, daun sirihair kapur sirih, essence",,tidak ada,cair,Madura Sari,Jl Pahlawan 21 Sampang,Jl Pahlawan 21 Sampang,Sampang,KEMENKES
13,v-spa rempah,detoksifikasi kewanitaan agar bebas keputihan dan bau yang kurang sedap,"kayu gaharu, seccang, sentok, temu gunung, pandiyan",,tidak ada,serbuk,Madura Sari,Jl Pahlawan 21 Sampang,Jl Pahlawan 21 Sampang,Sampang,KEMENKES
14,jamu bersalin,"perawatan khusus pasca melahirkan, mengembalikan tubuh seperti semula, melancarkan ASI dan mencegah timbulnya varises","jamu asi, param atas, param bawah, cebokan, dupa, godokan temulawak, jamu 40hari tapel pales",,tidak ada,pil,Madura Sari,Jl Pahlawan 21 Sampang,Jl Pahlawan 21 Sampang,Sampang,KEMENKES
15,paket perawatan pranikah,"mengurangi bau badan, membuat kulit bersih dan lebih cerah","lulur rempah, mandi rempah dupa, sabun kesed, godokan rapetwangi, arfum rempah cemceman rambut",,tidak ada,serbuk,Madura Sari,Jl Pahlawan 21 Sampang,Jl Pahlawan 21 Sampang,Sampang,KEMENKES
16,1 paket ramuan khusus wanita,perawatan khusus wanita untuk menjaga tubuh tetap prima dan hubungan suami istri makin mesra,"rapet wangi, empot, butiran delima, pancuran nikmat, sabun kesed.",,tidak ada,serbuk dan pil,Madura Sari,Jl Pahlawan 21 Sampang,Jl Pahlawan 21 Sampang,Sampang,KEMENKES
17,jamu penyubur kandungan,menyuburkan kandungan,"kunyit, temu gunung sentok, temulawak",,tidak ada,pil,Madura Sari,Jl Pahlawan 21 Sampang,Jl Pahlawan 21 Sampang,Sampang,KEMENKES
18,cemceman rambut,mengatasi ketombe dan kerontokan rambut,"jeruk purut, sentok",,tidak ada,cair,Madura Sari,Jl Pahlawan 21 Sampang,Jl Pahlawan 21 Sampang,Sampang,KEMENKES
19,minyak bulus,mengencangkan kulit dan area khusus baik pria maupun wanita,,,tidak ada,cair,Madura Sari,Jl Pahlawan 21 Sampang,Jl Pahlawan 21 Sampang,Sampang,KEMENKES
20,minyak zaitun,,,,tidak ada,cair,Madura Sari,Jl Pahlawan 21 Sampang,Jl Pahlawan 21 Sampang,Sampang,KEMENKES
21,lulur rempah,membuat kulit bersih serta tampak lebih cerah,"panduyang, manyir, kulit jeruk perut",,tidak ada,serbuk,Madura Sari,Jl Pahlawan 21 Sampang,Jl Pahlawan 21 Sampang,Sampang,KEMENKES
22,bedak dingin,"masker bengkoang untuk mencerahkan wajah, memudarkan bekas jerawat dan mengecilkan pori","bengkoang, tepung beras",,tidak ada,serbuk,Madura Sari,Jl Pahlawan 21 Sampang,Jl Pahlawan 21 Sampang,Sampang,KEMENKES
23,pegal linu,"mengurangi capek, nyeri sendi dan melancarkan peredaran darah","lempuyang, laos, cabe jamu jahe merah, kencur, merica, ketumbar, sentok peok",,tidak ada,pil,Madura Sari,Jl Pahlawan 21 Sampang,Jl Pahlawan 21 Sampang,Sampang,KEMENKES
24,jamu pembersih darah,mengatasi gatal gatal dan alergi pada kulit,"sambel loto, daun bawang, bawang putih",,tidak ada,pil,Madura Sari,Jl Pahlawan 21 Sampang,Jl Pahlawan 21 Sampang,Sampang,KEMENKES
25,jamu kencing manis,menurunkan kadar gula dalam darah,lempuyang,,tidak ada,pil,Madura Sari,Jl Pahlawan 21 Sampang,Jl Pahlawan 21 Sampang,Sampang,KEMENKES
26,bumbu minuman pokak,minuman herbal dari bahan jahe emprit,"jahe emprit, sentok, kayu manis, cengkeh, jeruk puru",,tidak ada,cair,Madura Sari,Jl Pahlawan 21 Sampang,Jl Pahlawan 21 Sampang,Sampang,KEMENKES
27,1 paket jamu suami istri,mengharmoniskan hubungan suami istri,,,tidak ada,Serbuk dan pil,Madura Sari,Jl Pahlawan 21 Sampang,Jl Pahlawan 21 Sampang,Sampang,KEMENKES
28,Jamu ma'jun super (plus madu),"menambah stamina, menambah masa otot dan melancarkan peredaran darah",bahan sehat lelaki + madu,,tidak ada,selai,Madura Sari,Jl Pahlawan 21 Sampang,Jl Pahlawan 21 Sampang,Sampang,KEMENKES
29,jamu jantan super,menjaga stamina tubuh agar tetap fit,"gingseng, pasak bumi, cabe jamu, jahe merah, temu ireng",,tidak ada,pil,Madura Sari,Jl Pahlawan 21 Sampang,Jl Pahlawan 21 Sampang,Sampang,KEMENKES
30,jamu aktivitas,penambah stamina khusus pekerja berat. Suplemen khusus untuk menambah stamina pria,,,tidak ada,pil,Madura Sari,Jl Pahlawan 21 Sampang,Jl Pahlawan 21 Sampang,Sampang,KEMENKES
31,jamu darah tinggi,menurunkan tekanan darah tinggi,"daun salam, temu ireng, kunyit, bawang putih",,tidak ada,pil,Madura Sari,Jl Pahlawan 21 Sampang,Jl Pahlawan 21 Sampang,Sampang,KEMENKES
32,1 paket ramuan khusus pria,suplemen khusus bagi pria untuk menjaga stamina dan kesehatan tubuh,"sehat lelaki, ma'jun aktivitas",,tidak ada,Serbuk dan pil,Madura Sari,Jl Pahlawan 21 Sampang,Jl Pahlawan 21 Sampang,Sampang,KEMENKES
33,Jamu Tradisional Madura,"Buat Kesehatan, Bau Badan, Keputihan","Sirih, Kunyit, Jahe, Kencur, Temulawak",,tidak ada,cair dan serbuk,Jamu Tradisional Madura,Burneh ,Burneh,Bangkalan,
34,Bom,"Untuk kuat berhubungan, dan Pegal - pegal",Rempah,,Pusing ringan,serbuk,Jamu Assegaf,se-madura,Klobungan Jeddih,Bangkalan,
35,Jamu Hitam,Untuk segala macam penyakit,Herbal,,tidak ada,Serbuk dan pil,Jamu Intan,Bangkalan,Jl. Ki Lemur Duwur,Bangkalan,
36,Jamu Pelintiran darah tinggi,"Menurunkan tekanan darah tinggi, menetralisir sirkulasi jantung, Menormalkan sirkulasi jantung",Rempah-rempah,,tidak ada,pil,Sari Madu,Se-indonesia,Bangkalan,Bangkalan,
37,Empot-empot Super,1.Memulihkan elastisitas organ intim wanita; 2. Mengencangkan ototÂ² miss V; 3. Mengencangkan payudara; 4. Mengencangkan seluruh kulit shg tampak lebih muda; 5. Menambah gairah dan semangat dalam berhubungan suami istri; 6. Menghilangkan gatalÂ² di miss V,rempah,,tidak ada,pil,Firdaus Kurnia Indah,madura dan sekitarnya,Bancaran,Bangkalan,
38,Jamu selokarang,"Menurunkan pusing, panas dalam sakit gigi tenggorokan",rempah,,tidak ada,cair,Kampung Paseraman Kamal,Se-indonesia,Bangkalan,Bangkalan,
39,Jamu Bengkes,Awet Muda Wajah Berseri,Rempah - Rempah,,tidak ada,serbuk,Njonja Boolan,"Bangkalan, Kamal, Tanjung Bumi, Arosbaya",bangkalan,Bangkalan,
40,Empot Ayam Super,1.Melegitkan dan menghaluskan vagina; 2. Mengencangkan otot kendor setelah melahirkan; 3. Menghilangkan bau serta gatalÂ²; 4. Mengatasi masalahÂ² ibu yg ikut bermacamÂ² KB; 5. Utk wanita frigid dan suami istri selalu harmonis; 6. Membuat awet muda dan cantik,Rempah-rempah,,tidak ada,pil,Jamu Pusaka Kraton Cakraningrat,"Madura, Luar Jawa",Bangkalan,Bangkalan,
41,Jamu Delima Putih,Mengatasi keputihan/pektay,Rempah-rempah,,tidak ada,serbuk,Jamu Putri Bangkalan,madura,Bangkalan,Bangkalan,
42,Sariawan Sekalor,"Menyembuhkan radang gusi, radang tenggorokan, sakit gigi, sakit kepala, amandel, ambeyen, demam,kolesterol dan mendetox darah.","Sirih, Kunyit, Meniran, Pare, ketumbar, kencur, adas manis, sambiloto, secang","Sehari 2x Pagi 5 butir, Malam 5 butir",tidak ada,pil,Mustika Madura,hingga luar madura,Jl.Jokotole No.20,pamekasan,
43,Galian Singset ( Susut Perut),"Melangsingkan badan, mengecilkan dan mengencangkan perut kendur,memadatkan tubuh,melancarkan BAB, membuat wajah segar dan tidak mudah keriput, menghilangkan selulit.","Temu Kunci, Temu Lawak, Sirih, Lengkuas, Partai Cina, Adas Manis, Delima, Asam Gelugur",1 x 5 butir sehari / sore hari,tidak ada,pil,Mustika Madura,hingga luar madura,Jl.Jokotole No.21,pamekasan,
44,Sehat Laki-laki Perkasa,"Menambah stamina dan juga menambah hormon, Menghilangkan capek/letih/encok, Menjaga tubuh tetap perkasa, Tidak mudah masuk angin, Mengentalkan sperma, Mencegah ejakulasi dini.","Kubeba, Jahe, Jintan hitam, kemukus, kapulaga, jintan putih, fenugreek",1 x 3 butir sehari/ sore hari. Penderita darah tinggi dan jantung tidak dianjurkan untuk meminum jamu ini.,tidak ada,pil,Mustika Madura,hingga luar madura,Jl.Jokotole No.22,pamekasan,
45,Sari Rapet Empot-Empot,"Mengharumkan bagian kewanitaan, Menyembuhkan keputihan/gatal disebabkan bakteri, Merapatkan vagina,Mengencangkan otot rahim, Menambah keharmonisan rumah tangga.","Ek Quercus Lusitanica, Terminalia Chebula, delima, sirih, temu kunci, adas manis",Setiap hari 5 butir/sore hari,tidak ada,pil,Mustika Madura,hingga luar madura,Jl.Jokotole No.23,pamekasan,
46,Pluntur(Pelancar Darah),"Melancarkan darah, menghilangkan pegel linu, menjaga stamina tubuh, mengurangi angka kelahiran.","Kubeba, Lengkuas, Lada Jawa, jahe, jintan putih","Setiap berhubungan 5 butir, Jika mengalami terlambat mens diminum setiap hari sampai 10 butir.",tidak ada,pil,Mustika Madura,hingga luar madura,Jl.Jokotole No.24,pamekasan,
47,Strong,"Menambah stamina tubuh, Menghilangkan capek/letih/encok, Menjaga tubuh tetap perkasa,  Mengentalkan sperma, Mencegah ejakulasi dini, Tahan lama.","Kubeba, Jahe, Jintan Hitam, Kemukus, Kapulaga, Jintan Putih, Fenugreek",1 x 2 kapsul. Penderita darah tinggi dan jantung tidak dianjurkan untuk meminum jamu ini.,tidak ada,kapsul,Pj. Alam Insani Herbal,hingga luar madura,,pamekasan,
48,Seger Montok,"Mengencangkan dan memontokkan payudara, Memadatkan tubuh, Mencerahkan wajah, Memberi nafsu makan, Menyehatkan badan.","Temu lawak, adas manis, lengkuas, temu kunci, delima,jintan hitam",1xsehari 5 butir.,tidak ada,pil,Mustika Madura,hingga luar madura,Jl.Jokotole No.24,pamekasan,
49,Rapet Wangi Spesial,"Mengharumkan bagian kewanitaan, Menyembuhkan keputihan/Gatal disebabkan bakteri, merapatkan vagina, Mengencangkan otot rahim, Menambah keharmonisan rumah tangga.","Oak Lusitanica Lamk, Terminalia Chebula, delima, sirih, temu kunci, adas manis",2 x 2 kapsul / pagi-sore hari,tidak ada,kapsul,Mustika Madura,hingga luar madura,Jl.Jokotole No.25,pamekasan,
50,Tolak Angin,"Menyembuhkan demam,pusing, perut mual, kembung, tenggorokan kering dan menambah daya tahan tubuh.","lengkuas, jintan hitam, kapulaga, petai cina, adas manis, temu lawak, jahe","Sehari 2x Pagi 5 butir, Malam 5 butir",tidak ada,pil,Mustika Madura,hingga luar madura,Jl.Jokotole No.26,pamekasan,
51,Subur Kandungan,"Diramu dari bahan jamu berupa tumbuh-tumbuhan dan akar yang berkhasiat tinggi untuk membantu menyehatkan, menyuburkan dan menguatkan kandungan. Jamu ini sangat baik bagi ibu-ibu yang sering keguguran dan sulit mendapatkan kehamilan.",,"Satu bungkus jamu ini direbus dengan 1 liter air selama  10 menit, diminum setiap hari pagi dan sore 1 gelas. Apabila habis airnya ditambah air lagi, dan rebus kembali.",tidak ada,serbuk,Mustika Madura,hingga luar madura,Jl.Jokotole No.27,pamekasan,
52,Sehat Wanita,,,,tidak ada,,Mustika Madura,hingga luar madura,Jl.Jokotole No.28,pamekasan,
53,Sehat Laki-laki ( Helbeh),,,,tidak ada,,Mustika Madura,hingga luar madura,Jl.Jokotole No.29,pamekasan,
54,Natural Lulur Sari temugiring,"Menghaluskan dan mencerahkan kulit, melembabkan, menghilangkan bekas noda di tubuh.",Terbuat dari ekstrak Sari Temu Giring.,,tidak ada,,Mustika Madura,hingga luar madura,Jl.Jokotole No.30,pamekasan,
55,Empot Sari Rapet,"mengembalikan masa keperawanan dan menambah keharmonisan dalam rumah tangga, memadatkan tubuh dan membuat badan lebih segar.","Daun Kacip Fatimah, gambir, kulit palamelia, daun sirih, rimpang kunyit",3X Sehari 2 Butir,tidak ada,pil,TOKO NUR,hingga luar madura,"Jl. Kabupaten, Gladak Anyar",pamekasan,
56,Awet Muda,membantu memelihara kecantikan,"Temu Kunci, Kayu Manis, Bibhitaki, gambir",2X Sehari 2 Butir,tidak ada,pil,TOKO NUR,hingga luar madura,"Jl. Kabupaten, Gladak Anyar",pamekasan,
57,Ma'jun,"menyembuhkan sakit pinggang, pegel linu, encok dan rematik, menghilangkan rasa lelah sehingga menambhan setamina dan syahwat","konyingar, delingu, masoji, sentok, prabas, adas, pulosari dll",2X Sehari 1 Butir,tidak ada,pil,TOKO NUR,hingga luar madura,"Jl. Kabupaten, Gladak Anyar",pamekasan,
58,Sale Karang,"sakit gigi, gusi bengkak dan gusi berdarah",,,tidak ada,,TOKO NUR,hingga luar madura,"Jl. Kabupaten, Gladak Anyar",pamekasan,
59,Ibu Hamil,biar tidak mudah capek,,,tidak ada,,TOKO NUR,hingga luar madura,"Jl. Kabupaten, Gladak Anyar",pamekasan,
60,Diabet,menstabilkan kadar gula,,,tidak ada,,TOKO NUR,hingga luar madura,"Jl. Kabupaten, Gladak Anyar",pamekasan,
61,Nafsu Makan,Untuk menambah nafsu makan,"Adas, pulosari, jahe dll",,tidak ada,,TOKO BU EMA,hingga luar madura,pamekasan,pamekasan,
62,Sehat Pria,Untuk menambah tenaga lelaki,"Jahe, jintan hitam,kiji beling, muso dan kedewung, pinang muda, daun sirih, kulit jeruk",seminggu 1x,tidak ada,,TOKO BU EMA,hingga luar madura,pamekasan,pamekasan,
63,Sehat Wanita,Untuk menambah setamina perempuan dan menjaga organ kewanitaan,"Jahe, jintan hitam,kiji beling, muso dan kedewung, pinang muda, daun sirih, kulit jeruk, kayu rapet, majaan",seminggu 1x,tidak ada,,TOKO BU EMA,hingga luar madura,pamekasan,pamekasan,
64,Nafsu Makan,menambah nafsu makan,"jahe, adas, pulosari, muso, kedewung, temulawak",seminggu2x,tidak ada,,TOKO BU EMA,hingga luar madura,pamekasan,pamekasan,
65,Gatal-gatal,untuk menyembuhkan gatal-gatar dan alergi,"jahe, daun sirih, kulit jeruk, sambi roto, muso dan kedewung",sehari 1x,tidak ada,,TOKO BU EMA,hingga luar madura,pamekasan,pamekasan,
66,Ibu Melahirkan,memperlancar ASI,"Adas, pulosari, muso , kedwung, daun sirih, kulit jeruk, kayu rapet, majaan, sambi roto","sehari 1x, jika sudah lancar maka boleh seminggu 3x",tidak ada,,TOKO BU EMA,hingga luar madura,pamekasan,pamekasan,
67,Jamu Sakit Pinggang,meredakan nyeri pinggang dan menambah stamina,"kiji beling, jahe, muso , kedewung, daun sirih, kulit jeruk, dan pinang muda",seminggu 3x,tidak ada,,TOKO BU EMA,hingga luar madura,pamekasan,pamekasan,
68,Jaselang,"Menambah stamina, pegal linu, capek-capek, mengahangatkan badan dll","jahe emprit, seccang, akar alang-alang, biji pala, kapulaga, dan gula pasir ","1,5 sendok di seduh dengan 1 gelas air hangat",tidak ada,serbuk,Warda,hingga luar madura,pamekasan,pamekasan,
69,Macho,"Menambah stamina dan ereksi, meningkatkan libido, mengobati pegal linu, capek-capek, dan menghangatkan badan","habbatus sauda', pinang muda, bawang putih lanang, temu kunci dll","1,5 sendok di seduh dengan 1 gelas air hangat",tidak ada,serbuk,Warda,hingga luar madura,pamekasan,pamekasan,
70,Kusir,"menghilangkan bau badan, sakit kepala dll","kunyit, asam, daun sririh pilihan dll","1,5 sendok di seduh dengan 1 gelas air hangat",tidak ada,serbuk,Warda,hingga luar madura,pamekasan,pamekasan,
71,Sarpet Manjakani,"mencegah keputihan, menghilangkan bau  badan, meraptkan vagina dll","temu kunci, jahe, pinang muda, sirih, manjakani","1,5 sendok di seduh dengan 1 gelas air hangat",tidak ada,serbuk,Warda,hingga luar madura,pamekasan,pamekasan,
72,Jamu Sondhep,"meredakan nyeri otot bagian bahu, otot piggang, dan memperlancar peredaran darah",,"diminum ketika sakit nyeri oto bagian puggung, 1-2 sendok diseduh dengan air hangat",tidak ada,serbuk,TOKO ANGGREK,hingga luar madura,"Jl.Anggrek, Lingkungan Delama, pajagalan",Sumenep,
73,Sale Karang,"sakit gigi, gusi bengkak dan gusi berdarah",,"diminum ketika sakit gigi atau gusi, 1-2 diseduh dengan air hangat",tidak ada,serbuk,TOKO ANGGREK,hingga luar madura,"Jl.Anggrek, Lingkungan Delama, pajagalan",Sumenep,
74,Daun sirih,"menghilangkan bau badan, mengobati sariawan, menghilangkan mau bulut, mencegah keropos pada gigi dan tulang",,1 bungkus diseduh dengan air hangat,tidak ada,serbuk,TOKO ANGGREK,hingga luar madura,"Jl.Anggrek, Lingkungan Delama, pajagalan",Sumenep,
75,Kuda Hitam,Untuk meningkatkan kekuatan pada pria,"tangkur, pasak bumi, pinang muda, bawang lanang, jahe merah, rempah dll",1 bungkus diseduh dengan 150 ml air hangat,tidak ada,serbuk,RATOHQU,online (se-Indonesia),"Bunten Bar, Ketapang",Sampang,
76,Jahe Merah Plus,Untuk menambah stamina tubuh,"jahe merah, gula,  sereh, kayu manis, kapulaga, cengkeh",2 sendok makan dan 250 ml air hangat,tidak ada,serbuk,RATOHQU,online (se-Indonesia),"Bunten Bar, Ketapang",Sampang,
77,ekstrak jahe,untuk mengobati gejala masuk angin,"jahe emprit, gula,  sereh, kayu manis, kapulaga, cengkeh",2 sendok makan dan 250 ml air hangat,tidak ada,serbuk,RATOHQU,online (se-Indonesia),"Bunten Bar, Ketapang",Sampang,
78,ekstrak temulawak,untuk mengobati penyakit asam lambung dan menambah nafsu makan,"temulawak, gula,  sereh, kayu manis, kapulaga, cengkeh",2 sendok makan dan 250 ml air hangat,tidak ada,serbuk,RATOHQU,online (se-Indonesia),"Bunten Bar, Ketapang",Sampang,
79,ektrak kunyit,untuk mengobati penyakit asam lambung ,"kunyit, gula,  sereh, kayu manis, kapulaga, cengkeh",2 sendok makan dan 250 ml air hangat,tidak ada,serbuk,RATOHQU,online (se-Indonesia),"Bunten Bar, Ketapang",Sampang,
80,kopi lake',Untuk meningkatkan kekuatan pada pria,"kopi, pinang muda, kapulaga, jahe",2 sendok makan dan 250 ml air hangat,tidak ada,serbuk,RATOHQU,online (se-Indonesia),"Bunten Bar, Ketapang",Sampang,
81,wedang jahe merah,Menambah stamina tubuh,"jahe, kunyit, sereh, cengkeh, gula merah",sehari 1 botol,tidak ada,cair,RATOHQU,Sampang,"Bunten Bar, Ketapang",Sampang,
82,kunyit asam madu,"untuk merawat kesehatan lambung, dan mengobati panas dalam","kunyit, asam, jahe, gula pasir, madu",sehari 1-2 botol,tidak ada,cair,RATOHQU,Sampang,"Bunten Bar, Ketapang",Sampang,
83,manjakani,untuk merawat kesehatan wanita seperti mempelancar haid dan keputihan,"kunyit, jahe, temukunci, biji manjakani, pinang muda, sirih, kayu rapat, gula",sehari 1 botol,tidak ada,cair,RATOHQU,Sampang,"Bunten Bar, Ketapang",Sampang,
84,kuda hitam cair,Untuk meningkatkan kekuatan pada pria,"kopi, pinang muda, kapulaga, jahe",sehari 1 botol,tidak ada,cair,RATOHQU,sampang,"Bunten Bar, Ketapang",Sampang,
85,ETABARI,untuk penderita kencing manis(diabetes),"Ramuan Andrografis 30%, Ortosifon 20%, Rimpang Imperatae 20%,Rimpang Temulawak 20%, Ramuan Centellae 10%",Sehari 10 pil,tidak ada,pil,TRESNA,Tromol Pos 01 Bangkalan,"Jl.K.H Hasyim Asyari, Demangan",Bangkalan,BPOM
86,Subur Kandungan,"menyuburkan kandungan, menguatkan kandungan yang lemah",,tiap hari 10 pil,tidak ada,pil,TRESNA,Tromol Pos 01 Bangkalan,"Jl.K.H Hasyim Asyari, Demangan",Bangkalan,KEMENKES
87,TOLAK AMBEYEN,"Menyembuhkan ambeyen baru atau sudah lama, menjaga kesehatan",,"sehari 5-7 pil, diminum sampai sembuh",tidak ada,pil,TRESNA,Tromol Pos 01 Bangkalan,"Jl.K.H Hasyim Asyari, Demangan",Bangkalan,KEMENKES
88,TOLAK BATUK/ASMA,"membantu mengobati batuk yang masih baru maupun yang sudah lama, membantu mengobati penyakit alergi pernapasan bagian atas dan penyakit asma, membantu menurunkan panas demam disebabkan flu dan radang tenggorokan.","daun lada 50 mg, rimpang kunyit 50mg,  Bawang Putih 50 mg, Rimpang Temu Kunci 30 mg, buah adas 20mg","tergantung keadaan. Untuk pencegahan sehari 15 pil, apabila dalam keaadan sakit 3x sehari 15 pil, untuk anak-anak umur 6 bulan keatas sehari 5 pil boleh lebih.",tidak ada,pil,TRESNA,Tromol Pos 01 Bangkalan,"Jl.K.H Hasyim Asyari, Demangan",Bangkalan,BPOM
89,Susut perut Tresna,membantu mengurangi lemak tubuh terutama di bagian perut dan membantu menurunkan berat badan,"daun guazuma 30%, korteks parameria 20%, rimpang jahe 20%, Rimpang Boesenbegia 15%, rimpang kunyit 15%","untuk mengurangi berat badan sehari 10-15 pil, boleh 2-3x 15 pil sampai mencapai berat badan ideal",tidak ada,pil,TRESNA,Tromol Pos 01 Bangkalan,"Jl.K.H Hasyim Asyari, Demangan",Bangkalan,BPOM
90,PANYAMAN EMPOT-EMPOT,"membantu merapatkan organ kewanitaan, mengencangkan otot-otot rahim dan sekitarnya, vagina menjadi keset dan sensitif, membantu para wanita agar lebih cepat mencapai orgasme, memberi getaran-getaran apabila ada sentuhan","pabrik adas biasa 10%, alyxia stellata 10%,Parameria Berambut 15%, Temu Kunci Angustifolia Roscoe 40%, Temu Ireng Roxb",sehari 10-15 pil,tidak ada,pil,TRESNA,Tromol Pos 01 Bangkalan,"Jl.K.H Hasyim Asyari, Demangan",Bangkalan,BPOM
91,masker v,membantu para wanita mengatasi frigit dan agar mempunyai gairah melayani pasangan,,"ambil secukupnya dan balukan merata ke daerah v, diamkan +15 menit, lalu cuci bersih",tidak ada,serbuk,TRESNA,Tromol Pos 01 Bangkalan,"Jl.K.H Hasyim Asyari, Demangan",Bangkalan,
92,LAMSAM,"untuk menurunkan/menormalkan tekanan darah tinggi(hipertensi), dan melancarkan peredangan darah dalam tubuh","Ketumbar 25%, Seledri 5%, Kumis Kucing 25%, Bunga Matahari Liar B 25%","sehari 10-15 pil, untuk pengobatan 3x 15 pil, jika tekanannya sangat tinggi",tidak ada,pil,TRESNA,Tromol Pos 01 Bangkalan,"Jl.K.H Hasyim Asyari, Demangan",Bangkalan,
93,lulur wangi,untuk mengatasi jerawat dan mengangkat komedo,,,tidak ada,serbuk,TRESNA,Tromol Pos 01 Bangkalan,"Jl.K.H Hasyim Asyari, Demangan",Bangkalan,
94,PETODHU,untuk kesehatan tulang untuk pria dan wanita,"Kunyit 25%, dll",sehari 10-15 pil,tidak ada,pil,TRESNA,Tromol Pos 01 Bangkalan,"Jl.K.H Hasyim Asyari, Demangan",Bangkalan,
95,GALIAN PUTRI,"menjaga agar tubuh tetap segar, sehat, lincah dan tidak pucat, mengatasi bau ketiak dan bau badan yang kurang sedap, membantu mengatasu penyakur keputihan, menjaga organ kewanitaan sehingga pakaian dalan tetap bersih dari noa\da, melancarkan haid"," Kunyit 50%, Jintan Hitam 25%, Lada Hitam 25%,  Sirih 50%, Anggrek Lidah Ular 50%","sehari 10-15 pil, jika sakit sehari 2-3x 10 pil",tidak ada,pil,TRESNA,Tromol Pos 01 Bangkalan,"Jl.K.H Hasyim Asyari, Demangan",Bangkalan,
96,GALIAN RAPET,"membantu merapatkan organ kewanitaan, menjaga keharmonisan rumah tangga, menghilangkan bau tidak sedap, membantu mengatasi keputihan",,sehari 10-15 pil. Ibu hamil an wanita datang bulan dilarang mengkonsumsi jamu ini,tidak ada,pil,TRESNA,Tromol Pos 01 Bangkalan,"Jl.K.H Hasyim Asyari, Demangan",Bangkalan,BPOM
97,lulur ayu,"memelihara dan kecantikan wajah dan anggota badan, membersihkan dan menghaluskan kulit",,"larutkan 1 sendok makan lulur dnegan air secukupnya, oleskan ke seluruh anggota tubuh sambil digosok pelan-pelan sampai mengering",tidak ada,serbuk,TRESNA,Tromol Pos 01 Bangkalan,"Jl.K.H Hasyim Asyari, Demangan",Bangkalan,
98,PAS JUDHU,"membantu mengatasi asam urat, kolestrol, nyeri reumatik","kunyit 30%, bawang putih 20%, Kayu Manis Sintok 10%, Jahe Aromatik 30%,  Lada Hitam 10%","sehari 10-15 pil, jika dalam keadaan sakit 3 x 10-15 pil",tidak ada,pil,TRESNA,Tromol Pos 01 Bangkalan,"Jl.K.H Hasyim Asyari, Demangan",Bangkalan,
99,SEHAT L.M,"memperlancar peredaran darah, menambah tenaga serta meningkatkan daya tahan tubuh terhadap penyakut, membantu mengatasi gejala penuaan, nyeri otot,nyeri sendi,pegal-pegal, rabun mata, encegah masuk angin, pusing dan maag","Pegagan 15%, Kumis Kucing 15%,  Kunyit 50%, Jahe 20%","untuk pencegahan 10 pil, untuk pengobatan 3x sehari 15 pil, untuk anak-anak 5 pil",tidak ada,pil,TRESNA,Tromol Pos 01 Bangkalan,"Jl.K.H Hasyim Asyari, Demangan",Bangkalan,BPOM
100,GALIAN RAPET,"membantu merapatkan organ kewanitaan, menjaga keharmonisan rumah tangga, menghilangkan bau tidak sedap, membantu mengatasi keputihan","Rimpang Boesenbergia 30%, Korteks Parameria 20%, Kulit Buah Delima 20%, Rimpang Kunyit 20%, Rimpang Temu Kunci 10%",sehari 10-15 pil,tidak ada,pil,TRESNA,Tromol Pos 01 Bangkalan,"Jl.K.H Hasyim Asyari, Demangan",Bangkalan,BPOM
101,cream montok,membantu membesarkan payudara,,bisa diguankan setiap hari dengan cara di oleskan,tidak ada,krim,TRESNA,Tromol Pos 01 Bangkalan,"Jl.K.H Hasyim Asyari, Demangan",Bangkalan,
102,GALIAN MONTOK,"membantu mengobati buah dada yang kecil supaya jadi montok dan besar, buah dada menjadi padat berisi",,sehari 10-15 pil,tidak ada,pil,TRESNA,Tromol Pos 01 Bangkalan,"Jl.K.H Hasyim Asyari, Demangan",Bangkalan,
103,BERSIH JERAWAT,"membantu mengatasi / membersihkan jerawat, mencegah timbulnya jerawat, memelihara wajah agar tetap halus",,sehari 15 pil ,tidak ada,pil,TRESNA,Tromol Pos 01 Bangkalan,"Jl.K.H Hasyim Asyari, Demangan",Bangkalan,
104,AWET AYU,"mengandung formula 'anti aging' yang berguna untuk menghambat proses penuaan seperti mengurangi keriput, memudarkan lingkaran hitam di mata dan dapat mengurangi kantung mata, membantu mengatasi penyakit keputihan, menghilangkan bau badan, merapatkan vagina, menjaga organ kewanitaan tetap bersih, mengurangi dan menghilangkan rasa sakit serta menjelang haid",,"sehari 10 pil, untuk pencegahan penyakit keputihan boleh ditingkatkan 2-3x sehari 10 pil",tidak ada,pil,TRESNA,Tromol Pos 01 Bangkalan,"Jl.K.H Hasyim Asyari, Demangan",Bangkalan,
105,PANYAMAN,"untuk mnegatasi kurang gairah, mengencangkan otot-otot rahim dan sekitarnya, vagina menjadi keset dan sensitif, membantu para wanita agar lebih cepat mencapai orgasme, memberi getaran-getaran apabila ada sentuhan",,sehari 10-15 pil,tidak ada,pil,TRESNA,Tromol Pos 01 Bangkalan,"Jl.K.H Hasyim Asyari, Demangan",Bangkalan,
106,JAMU PERKASA,"mencegah ejakulasi dini, menambah daya tahan lama pria, menambah tenaga dan gairah keperkasaan pria, menambah kesehatan dan kebugaran","Biji Pinang 20%, Rimpang Terminalia 20%,  Biji Cuscuta 30%,Bahan Lainnya sampai 100%",sehari 7-10 (menurut kebutuhan) di minum kira-kira 3-4 jam sebelum efek yang diinginkan,tidak ada,pil,TRESNA,Tromol Pos 01 Bangkalan,"Jl.K.H Hasyim Asyari, Demangan",Bangkalan,
107,peluntur &pelangsing,"mengurangi lemak dalam tubuh terutama di perut yang gendut, mengencangkan otot-otot yang kendor, memelihara tubuh agar tetap langsing padat dan ideal secara alami",,"7-15 pil sehari, wanita hamil/penderita diare dilarang minum jamu ini",tidak ada,pil,TRESNA,Tromol Pos 01 Bangkalan,"Jl.K.H Hasyim Asyari, Demangan",Bangkalan,KEMENKES
108,BEDAK SARI,pengharum tubuh,,di semprotkan ke bagian tubuh,tidak ada,cair,TRESNA,Tromol Pos 01 Bangkalan,"Jl.K.H Hasyim Asyari, Demangan",Bangkalan,
109,HABBATUS SAUDA,"menjaga stamina, memperkuat daya kosentrasi, anti bakteri, mengatasi infeksi, menghangatkan dan melegakan saluran pernapasan, meringankan gejala batuk pilek, menurunkan demam, membantu mempercepat penyembuhan penyakit, membantu mengatasu maag, mengeluarkan masuk angin dan kembung",,3x sehari 1-2 kapsul,tidak ada,kapsul,TRESNA,Tromol Pos 01 Bangkalan,"Jl.K.H Hasyim Asyari, Demangan",Bangkalan,P-IRT
110,SELEDRI MIX,untuk mengatasi asam urat,"seledri, kencur, jahe, gula",1 sendok teh seduh dengan air 200 ml,tidak ada,serbuk,NATURNA,Se-indonesia,Jl. Yakurt Blok ED/2 Taman Gili,Bangkalan,P-IRT
111,KUNYIT ASEM,"meningkatkan data tahan tubuh, menjaga stamina, menghilangkan bau badan, melancarkan datang bulan, menghaluskan kulit, mencegah penuaan dini, mencegah diare","kunyit, asem, gula",1 sendok teh seduh dengan air 200 ml,tidak ada,serbuk,NATURNA,Se-indonesia,Jl. Yakurt Blok ED/2 Taman Gili,Bangkalan,P-IRT
112,TEMU LAWAK,"mengatasi maag, mengatasi radang sendi, menghilangkan bau badan, mengatasi diare, mengatasi kolesterol, melancarkan pencernaan, mencegah penuaan dini, anti kanker, menyehatkan liver dan ginjal",temulawak dan gula,1 sendok teh seduh dengan air 200 ml,tidak ada,serbuk,NATURNA,Se-indonesia,Jl. Yakurt Blok ED/2 Taman Gili,Bangkalan,P-IRT
113,BERAS KENCUR,"mengatasi batuk pilek, meredakan hidung tersumbat, menambah nafsu makan, mengatasi sakit maag, meningkatkan imun tubuh","beras, kencur, gula",,tidak ada,cair,NATURNA,Se-indonesia,Jl. Yakurt Blok ED/2 Taman Gili,Bangkalan,P-IRT
114,SIRIH PINANG,"menjaga kesehatan gigi, mencegah sariawan, menghilangkan bau mulut, menghilangkan bau badan, mengatasi keputihan, melancarkan pencernaan, mencegah gusi berdarah","daun sirih, pinang, kunci pepet, gula",1 sendok teh seduh dengan air 200 ml,tidak ada,serbuk,NATURNA,Se-indonesia,Jl. Yakurt Blok ED/2 Taman Gili,Bangkalan,P-IRT
115,POKA',"mengatasi masuk angin,mual, pusing, meredakan nyeri sendi, meningkatkan imun tubuh, mencegah penuaan dini, anti kanker, mencegah kolesterol",,,tidak ada,cair,NATURNA,Se-indonesia,Jl. Yakurt Blok ED/2 Taman Gili,Bangkalan,P-IRT
116,BUNGA TELANG,"menyehatkan mata, menyehatkan otak, menghaluskan kulit, melancarkan pencernaan, mencegah penuaan dini","bunga telang, gula",,tidak ada,cair,NATURNA,Se-indonesia,Jl. Yakurt Blok ED/2 Taman Gili,Bangkalan,P-IRT
117,jahe merah instant,"untuk mengobati masuk angin, pusing,dan mual","jahe merah, gula",1 sendok teh seduh dengan air 200 ml,tidak ada,serbuk,NATURNA,Se-indonesia,Jl. Yakurt Blok ED/2 Taman Gili,Bangkalan,P-IRT
118,Empot wangi,membantu mengurangi lendir yang berlebihan pada daerah kewanitaan,"Paramecia nigeria 40mg, Temulawak hitam atau temulawak biru 40mg, Galalit 40mg, Madu abe/asli 220mg, Natrium benzoat",2x sehari 2-3 pil,tidak ada,pil,PT. Firdaus,Se-indonesia,"Jl. Kh Lemah Duwur Gg. V Gg.IX No.60, Barat Tambak,Pejagan",Bangkalan,BPOM
119,Galian singset ++,"mengurangi kelebihan lemak (kolestrol) dalam tubuh, mengecilkan perut, menjaga bentuk tubuh yang ideal, menjaga penampilan selalu awet muda, membantu mengurangi lemak di tubuh, melangsingkan badan, membuat tampil seksi dan percaya diri, menormalkan BAB yang tidak lancar",,,tidak ada,pil,PT. Firdaus,Se-indonesia,"Jl. Kh Lemah Duwur Gg. V Gg.IX No.60, Barat Tambak,Pejagan",Bangkalan,TDI & UKOT
120,asi booster,"melancarkan asi, menyegarkan badan muka tidak pucat, menyehatkan ibu dan bayi yang dilahirkan, menuntaskan sisa darah, meningkatkan kualitas nutrisi dalam asi","flore insertus, venerable aerospace, kunyit putih dll",2x sehari 5 pil,tidak ada,pil,PT. Firdaus,Se-indonesia,"Jl. Kh Lemah Duwur Gg. V Gg.IX No.60, Barat Tambak,Pejagan",Bangkalan,TDI & UKOT
121,gadis remaja,"menghilangkan bau badan yang kurang sedap, mencegah tumbuhnya jerawat, menyembuhkan keputihan, menjaga bentuk tubuh tetap ideal","tembakau, temulawak hitam, kunyit, cubeba",2x sehari 2 kapsul,tidak ada,kapsul,PT. Firdaus,Se-indonesia,"Jl. Kh Lemah Duwur Gg. V Gg.IX No.60, Barat Tambak,Pejagan",Bangkalan,TDI & UKOT
122,empot-empot,"menambah kemesraan dan keharmonisan keluarga, kembali muda bagaikan gadis remaja, membuat suami makin sayang sama istri, kenikmatan dan kepuasan selalu menjelma",,5 pil 2x sehari,tidak ada,pil,PT. Firdaus,Se-indonesia,"Jl. Kh Lemah Duwur Gg. V Gg.IX No.60, Barat Tambak,Pejagan",Bangkalan,TDI & UKOT
123,sehat lelaki,"menambah semangat stamina dan kesehatan, menguatkan dan menghangatkan badan, pegal linu otot kaku dan lesu",,5 pil 2x sehari 2 kapsul 2x sehari,tidak ada,pil,PT. Firdaus,Se-indonesia,"Jl. Kh Lemah Duwur Gg. V Gg.IX No.60, Barat Tambak,Pejagan",Bangkalan,TDI & UKOT
124,rapet harum asmara,"merapatkan dan melenturkan miss v, mengatasi bau tak sedap, serta gatal-gatal disekitar organ intim, mengatasi cairan berlebih, mengaharumkan area vagina, menjaga keharmonisan hubungan suami istri, menyembuhkan keputihan, serta gejalanya","galalit, kunyit, temulawak hitam, kencur putih",2x sehari 5 pil,tidak ada,pil,PT. Firdaus,Se-indonesia,"Jl. Kh Lemah Duwur Gg. V Gg.IX No.60, Barat Tambak,Pejagan",Bangkalan,TDI & UKOT
125,feminia,"menjaga miss v tetap keset elastis, menambah libido, menghilangkan bau badann dan miss v yang kurang sedap, menyembuhkan keputihan, menjaga payudara tetap kenyal dan montok, melindungi rahim dari berbagai virus, menormalkan hormon estrogen, menghangatkan badan, mengurangi pegel-pegel/linu","galalit, temulawak hitam, kencur putih, dll",2x sehari 5 pil,tidak ada,pil,PT. Firdaus,Se-indonesia,"Jl. Kh Lemah Duwur Gg. V Gg.IX No.60, Barat Tambak,Pejagan",Bangkalan,TDI & UKOT
126,awet muda,"memulihkan elastisitas organ intim wanita( kencangkan otot miss v), menghilangkan gatal-gatal, keputihan dan bau kurang menyenangkan, mencegah penuaan dini, menstabilkan PH asam dan mengurangi cairan( basah) berlebihan, meningkatkan hormon estrogen, menambah gairah dan tahan lama, peremajaan tubuh usai melahirkan/haid, mencegah kanker servix dan kanker payudara","manjakani, jinten hitam, jinten putih dll s/d 100%",5pil 2x sehari/ 2 kapsul 2x sehari,tidak ada,pil,PT. Firdaus,Se-indonesia,"Jl. Kh Lemah Duwur Gg. V Gg.IX No.60, Barat Tambak,Pejagan",Bangkalan,TDI & UKOT
127,jakuat,"memperbaiki stamina pria, meningkatkan kebugaran tubuh dalam hubungan pasutri, membantu mengatasi ejakulasi dini, mengentalkan sperma, menambah kejantanan pria","akar jahe, biji sirih kuning, jinten putih, madu raja dll sampai 100%",5 pil 2x sehari,tidak ada,pil,PT. Firdaus,Se-indonesia,"Jl. Kh Lemah Duwur Gg. V Gg.IX No.60, Barat Tambak,Pejagan",Bangkalan,TDI & UKOT
128,sirih wangi,"menghilangkan bau badan dan mulut, menyembuhkan radang tenggorokan dan gusi, mengatasi keputihan, menyembuhkan jerawat, menghaluskan kulit, melancarkan air seni, penambah tenaga/ stamina, mengurangi keringat berlebih, mengatasi penyakit kulit/gatal-gatal","Biji Sirih (Piper betle), Biji Sirih Hutan (Boesenbergia rotunda), Biji Kunyit (Curcuma longa),Biji Kabesak (Piper cubeba)",2x sehari 3 kapsul,tidak ada,pil,PT. Firdaus,Se-indonesia,"Jl. Kh Lemah Duwur Gg. V Gg.IX No.60, Barat Tambak,Pejagan",Bangkalan,TDI & UKOT
129,Rapet Wangi,membantu mengurangi lendir yang berlebihan pada daerah kewanitaan,"125mg Biji Ek Quercus indica, 62,5mg Biji Pinang (Areca catechu), 10mg Kulit Buah Jeruk, 41mg Madu Murni yang Diproses",2x sehari 2-3 pil,tidak ada,pil,PT. Firdaus,Se-indonesia,"Jl. Kh Lemah Duwur Gg. V Gg.IX No.60, Barat Tambak,Pejagan",Bangkalan,BPOM
130,bersih darah,"melancarkan peredaran darah di dalam tubuh, membersihkan darah kotor yang ada di dalam tubuh, mengatasi gatal-gatal pada kulit, mengatasi / meringankan bisul, mengobati korengan dan beberapa masalah kulit lainnya, menyembuhkan serta mencegah jerawat",,5 pil 2x sehari,tidak ada,pil,PT. Firdaus,Se-indonesia,"Jl. Kh Lemah Duwur Gg. V Gg.IX No.60, Barat Tambak,Pejagan",Bangkalan,TDI & UKOT
131,kencing manis,"mengobati kencing manis, menurunkan kadar gula seperti sering merasa haus, sering kencing terutama dimalam hari",,5 pil 2x sehari,tidak ada,pil,PT. Firdaus,Se-indonesia,"Jl. Kh Lemah Duwur Gg. V Gg.IX No.60, Barat Tambak,Pejagan",Bangkalan,TDI & UKOT
132,sari rapat,"menambah gairah hubungan suami istri, mengobati keputihan dan gejalanya seperti berair, berlendir, berbau, merapatkan otot-otot vagina",,5 pil 2x sehari,tidak ada,pil,PT. Firdaus,Se-indonesia,"Jl. Kh Lemah Duwur Gg. V Gg.IX No.60, Barat Tambak,Pejagan",Bangkalan,TDI & UKOT
133,delima putih,"mencegah dan mengobati keputihan seperti muka pucat tidak bergairah sakit pinggang mengurangi lendir serta menghilangkan bau (keringat) kurang sedap, merapatkan vagina pemakaian secara teratur maka wajah bercahaya cantik & awet muda",,5 pil 2x sehari,tidak ada,pil,PT. Firdaus,Se-indonesia,"Jl. Kh Lemah Duwur Gg. V Gg.IX No.60, Barat Tambak,Pejagan",Bangkalan,TDI & UKOT
134,empot-empot love,"mengencangkan organ intim (rapet), mengencangkan kulit, menambah libido, atasi payudaya kendur, membersihkan bakteri dan jamur (keputihan), mengobati kista, mencegah kanker payudaram menguatkan pinggang, melancarkan datang bulan","Kayu parameria atau kayu putih, Temulawak hitam atau temulawak biru, Galalit, dll hingga 100%",3x sehari 3 pil,tidak ada,pil,PT. Firdaus,Se-indonesia,"Jl. Kh Lemah Duwur Gg. V Gg.IX No.60, Barat Tambak,Pejagan",Bangkalan,TDI & UKOT
135,manjakani,"menormalkan hormon estrogen, mengencangkan wajah dan kulit, mengencangkan payudara, mengencangkan otot-otot kewanitaan (rapet), mencegah osteoporosis (tulang keropos), menyembuhkan keputihan, menguatkan pinggang, melancarkan datang bulan","Galalit, Temulawak hitam atau temulawak biru, Kencur asli atau kencur putih",2x sehari 3 pil,tidak ada,pil,PT. Firdaus,Se-indonesia,"Jl. Kh Lemah Duwur Gg. V Gg.IX No.60, Barat Tambak,Pejagan",Bangkalan,TDI & UKOT
136,gemuk sehat,"menambah nafsu makan, menghambat pertumbuhan sek kanker, meningkatkan daya tahan tubuh, menjaga kesehatan liver, memperbaiki jaringan tubuh yang rusak, membantu melawan bakteri dan jamur di tubuh, menyembuhkan penyakit kuning","Likoris, Temulawak hitam, Kayu manis asli, dll",2x sehari 5 pil,tidak ada,pil,PT. Firdaus,Se-indonesia,"Jl. Kh Lemah Duwur Gg. V Gg.IX No.60, Barat Tambak,Pejagan",Bangkalan,TDI & UKOT
137,oil mahabbah,"agar payudaya tetap kencang dan motok setelah melahirkan, merawat kesehatan payudara, menghaluskan kulit payudara",,"pijak payudara dengan oil mahabbah secukupnya, untuk hasil maksimal lakukan setiap hari secara rutin",tidak ada,cair,PT. Firdaus,Se-indonesia,"Jl. Kh Lemah Duwur Gg. V Gg.IX No.60, Barat Tambak,Pejagan",Bangkalan,TDI & UKOT
138,bubuk herbal ajaib,"merapatkan dan mengencangkan otot vagina, mengeringkan miss v yang basah, sama-sama meberikan kenikmatan dan kebahagiaan hubungan suami istri",,"ambil bubuk sedikit, letakkan dijari yang telah dibersihkan masukkan ke miss v ",tidak ada,serbuk,PT. Firdaus,Se-indonesia,"Jl. Kh Lemah Duwur Gg. V Gg.IX No.60, Barat Tambak,Pejagan",Bangkalan,TDI & UKOT
139,butiran putri delima,"merapatkan dan mengencangkan otot vagina, keset/kering bikin wanita percaya diri, sama-sama meberikan kenikmatan dan kebahagiaan hubungan suami-istri",,,tidak ada,pil,PT. Firdaus,Se-indonesia,"Jl. Kh Lemah Duwur Gg. V Gg.IX No.60, Barat Tambak,Pejagan",Bangkalan,TDI & UKOT
140,penyubur kandungan,"menguatkan rahim, menambah hormon menyuburkan kandungan",,1x sehari 1 sdm,tidak ada,selai,PT. Firdaus,Se-indonesia,"Jl. Kh Lemah Duwur Gg. V Gg.IX No.60, Barat Tambak,Pejagan",Bangkalan,TDI & UKOT
141,setanggi zahra,bermanfaat sebagai aromatherapy menenangkan  hati dan menambah keintiman suami istri,"gaharu, melati, kasturi, kulit jeruk, dll",dibakar dengan batu bara/arang atau dengan peralatan aromatherapy. Aroma yang muncul dapat langsung di uapkan pada rambut atau pakaian,tidak ada,,PT. Firdaus,Se-indonesia,"Jl. Kh Lemah Duwur Gg. V Gg.IX No.60, Barat Tambak,Pejagan",Bangkalan,TDI & UKOT
142,timung / mandi uap,"melancarkan peredaran darah, mengeluarkan keringat berlebih, membakar lemak, mengharumkan badan, membuat badan segar, harum dan berseri",,rebus 1 atas 1/2 bungkus ramuantimung dengan air +- 1 liter,tidak ada,,PT. Firdaus,Se-indonesia,"Jl. Kh Lemah Duwur Gg. V Gg.IX No.60, Barat Tambak,Pejagan",Bangkalan,TDI & UKOT
143,hormolak,"menstabilkan hormon laki-laki yang sangat diperlukan untuk produksi sperma, memberikan suplement tambahan sehingga produksi sperma dapat lebih maksimal, mempercepat produksi sperma dan memperbanyak jumlah cairan sprema, menghangatkan badan, mengurangi ejakulasi dini",,setiap hari 1 sdm disampur kuning telur (tambahkan madu jika suka rasa manis) dan air panas secukupnya,tidak ada,selai,PT. Firdaus,Se-indonesia,"Jl. Kh Lemah Duwur Gg. V Gg.IX No.60, Barat Tambak,Pejagan",Bangkalan,TDI & UKOT
144,lintah hitam papua,"melancarkan sirkulasi darah, mengencangkan otot-otot yang kendor, meningkatkan kajantanan pria, mengobati lemah syahwat, ejakulasi dini, memperbesar dan memperpanjang penis.",,"oleskan keseluruh alat vital secara merata, kemudia diurut dari pangkal sampai keujung satu arah selama 5-10 menit setiap hari (minimal sehari sekali), diutamakan waktu pagi (bangun tidur pagi), dilakukan secara rutin dalam waktu singkat",tidak ada,krim,PT. Firdaus,Se-indonesia,"Jl. Kh Lemah Duwur Gg. V Gg.IX No.60, Barat Tambak,Pejagan",Bangkalan,TDI & UKOT
145,jamu gemuk sehat,"membantu memperbaiki nafsu makan, menambah berat badan, menyelaraskan alat-alat pencernaan tubuh, menghilangkan letih, lesu, lemah dan kurang bersemangat","Ekstrak daun carica/papaya, Ekstrak akar curcuma biru, Ekstrak akar kunyit, Ekstrak akar kencur asli, Ekstrak akar kunyit domestika",2x sehari 4 kapsul sesudah makan pagi dan malam,tidak ada,kapsul,ribkah maryam jokotole,Se-indonesia,Jl.KHA. Marzuki 68 B,Bangkalan,BPOM
146,jamu sepet madura *empot-empot),"membantu mengurangi lendir yang berlebihan pada daerah kewanitaan, memperkuat otot-otot vagina untuk membuat denyut-denyut istimewa pada vagina, mengeraskan otot vagina, menghilangkan keputihan dan gatal-gatal","Ekstrak biji jintan hitam, kstrak kulit kayu massalah, Ekstrak biji ketumbar, Ekstrak kulit pohon paramaria",2x sehari 4 kapsul sesudah makan pagi dan malam,tidak ada,kapsul,ribkah maryam jokotole,Se-indonesia,Jl.KHA. Marzuki 68 B,Bangkalan,BPOM
147,PLUNTUR(TERLAMBAT BULAN),"sangat efektif untuk wanita yang sering terlambat bulan, datang bulan tidak teratur, sakit badan pada waktu datang bulan (dianjurkan untuk keterlambat) yang tidak lebih dari tiga bulan","Rumput kampung hitam, Temulawak Cina atau ijo, Salam gajah atau kayu salam, Jintan hitam, Cengkih asli atau kencur",2 x 1 bungkus setiap hari (pagi dan malam),tidak ada,serbuk,ribkah maryam jokotole,Se-indonesia,Jl.KHA. Marzuki 68 B,Bangkalan,KEMENKES
148,Jamu Tradisional Madura,"amandel, tekanan darah tinggi, asma, kencing batu, lever, alergi, lemah jantung, kurang nafsu makan, asam urat, pegal linu, kencing manis, ginjal, reumatik, sakit gigi, magh, exsim, kurang darah","daun carica/papaya, akar carica/papaya, akar curcuma biru, akar jahe, akar kunyit, biji koffe/kopi","1 hari 1x pada malam hari, 1 sendok makan + 1/2 gelas air hangat untuk dewasa, 1 sendok teh + 1/2 gelas air hangat untuk anak-anak",tidak ada,serbuk,wahyu sejati,Se-indonesia,sumenep,sumenep,BPOM
149,Lulur Bengkoang,"mengangkat sel-sel kulit mati, menghilangkan jerawat, flex hitam juga memutihkan kulit",,"1 sdm lulur tambahkan air mawar, lalu digosokkan pada wajah juga seluruh badan, biarkan sampai kering  lalu bilas",tidak ada,serbuk,IBU MASTURAH,luar indonesia,Jl.Panglima Sudirman Gg.1,Bangkalan,
150,pintu surga,bermanfaat untuk perawatan kewanitaan dan juga menuntaskan keputihan,,langsung dioleskan ke daerah v,tidak ada,serbuk,IBU MASTURAH,luar indonesia,Jl.Panglima Sudirman Gg.0,Bangkalan,
151,jamu manjakani,"merapetkan vagina, bikin keset untuk keputihan dan juga menyehatkan badan","Buah Sirih Hutan (Boesenbergia rotunda), Buah Pinang (Areca catechu), Daun Sirih (Piper betle)",,tidak ada,kapsul,IBU MASTURAH,luar indonesia,Jl.Panglima Sudirman Gg.1,Bangkalan,
152,air cewok,"bikin keset, merapetkan, menghilangkan keputihan juga menghilangkan bau daerah v",,"ambil separuh air cewok rebus sampai mendidih, disaring lalu di tambah air dicebokin ke kemaluan / berendam, ampasnya bisa ditambah air lagi sampai bening",tidak ada,serbuk,IBU MASTURAH,luar indonesia,Jl.Panglima Sudirman Gg.2,Bangkalan,
153,jamu melahirkan,ibu dan bayi menjadi sehat dan bugar,"temulawak, kunyit,temu ireng, jahe, daun beluntas, daun serat, daun sirih, daun pepaya, daun asam, kasimbu'an",2x sehari 1 gelas pagi dan sore selama 20 hari,tidak ada,serbuk,H. Mifki,madura dan sekitarnya,Tlanakan,pamekasan,
154,sehat lelaki,"hubungan suami istri lebih intim, untuk kejantanan lelaku","jahe, temulawak, temu ireng, kunyit, pinang muda",seminggu 1 kali 1 gelas,tidak ada,serbuk,H. Mifki,madura dan sekitarnya,Tlanakan,pamekasan,
155,sehat wanita,"untuk keputihan, stamina wanita, hubungan suami istri lebih intim","temulawak, kunyit, manjakani, jelebi, jekkeleng",seminggu 1 kali 1 gelas,tidak ada,serbuk,H. Mifki,madura dan sekitarnya,Tlanakan,pamekasan,
156,salekarang,"untuk flu, batuk, sakit gigi, pusing","temu ireng, temulawak sambiroto",seminggu 1 kali 1 gelas,tidak ada,serbuk,H. Mifki,madura dan sekitarnya,Tlanakan,pamekasan,
157,Kopi racikan madura,"Menjaga organ hati, membantu membersihkan saluran pencernaan, membantu membakar lemak, mencegah penyakit jantung, diabetes",kopi,,tidak ada,serbuk,IBU MASTURAH,luar indonesia,Jl.Panglima Sudirman Gg.2,Bangkalan,
158,dupa kemanten,"mengharumkan tubuh, baju, juga ruangan. Harumnya lengket sepanjang hari",,,,serbuk,IBU MASTURAH,luar indonesia,Jl.Panglima Sudirman Gg.3,Bangkalan,
159,galian singset,"membantu mengurangi lemak, membuat badan menjadi langsing",,,,,ribkah maryam jokotole,Se-indonesia,Jl.KHA. Marzuki 68 B,Bangkalan,BPOM
160,jamu jerawat,"membantu mengatasi jerawat, menjaga kulit tetap halus bercahaya",,,,,ribkah maryam jokotole,Se-indonesia,Jl.KHA. Marzuki 68 B,Bangkalan,BPOM
161,jamu pelangsing(bobot idaman),"menurunkan berat badan sesuai dengan idaman, menahan bobot badan supaya tidak gemuk berlebihan, mengontrol kadar lemak bagian perut",,,,,ribkah maryam jokotole,Se-indonesia,Jl.KHA. Marzuki 68 B,Bangkalan,BPOM
162,jamu pegel linu,"sangat berkhasiat menyembuhkan pegel-pegel linu otot-otot anda, menyembuhkan penyakit rheumatic/encok dan sakit pinggang",,,,,ribkah maryam jokotole,Se-indonesia,Jl.KHA. Marzuki 68 B,Bangkalan,BPOM
163,jamu nifas (pluntur),"sangat efektif untuk wanita yang sering terlambat bulan, datang bulan tidak teratur, sakit-sakit badan waktu datang bulan",,,,,ribkah maryam jokotole,Se-indonesia,Jl.KHA. Marzuki 68 B,Bangkalan,BPOM
164,sehat lelaki (perkasa lelaki),Memperkuat fungsi lelaki serta meningkatkan katahanan kejantanan,,,,,ribkah maryam jokotole,Se-indonesia,Jl.KHA. Marzuki 68 B,Bangkalan,BPOM
165,sepet madura(empot-empotan,"membuat denyut-denyut istimewa yang khas, memperkuat otot-otot kewanitaan, menghilangkan bau tidak enak gatal-gatal dan keputihan",,,,,ribkah maryam jokotole,Se-indonesia,Jl.KHA. Marzuki 68 B,Bangkalan,BPOM
166,sehat perempuan(montok payudaya),"mengencangkan payudara, memperbesar payudara yang kurang ideal, menyehatkan dan memperindah payudara",,,,,ribkah maryam jokotole,Se-indonesia,Jl.KHA. Marzuki 68 B,Bangkalan,BPOM
167,sari harum(keputihan),"sangat mujarab dan benar-benar ampuh untuk segala macam keputihan yang lama maupun yang baru. Menghilangkan bau yang tidak enak, gatal-gatal dll",,,,,ribkah maryam jokotole,Se-indonesia,Jl.KHA. Marzuki 68 B,Bangkalan,BPOM
168,awet ayu,"membuat dan menjaga kulit tubuh anda segar halus dan bercahaya, mengencangkan seluruh otot-otot tubuh anda agar tetap singset. Menjaga tubuh tetap sehat dan segar selalu",,,,,ribkah maryam jokotole,Se-indonesia,Jl.KHA. Marzuki 68 B,Bangkalan,BPOM
169,SUPER SEHAT BURUNG WALET,"Insya Allah sangat ampuh untuk mencegah dan menyembuhkan Reumatik, Asam urat, Tekanan darah tinggi, Asma, Maag, Ginjal, Tipes, Cacingan, Sakit gigi, Lemah syahwat, Gatal-gatal alergi, Paru-paru basah, Kurang nafsu makan, Melancarkan Sirkulasi darah, Jerawat, Bisul, Kudis, Panu, Merawat Ms.V, Mengatasi keputihan, Merawat dan mengencangkan kulit, Mencegah dan mengatasi penyakit menahun, Kelumpuhan/badan mati separuh seperti Stroke, Kanker, Liver, Kencing manis basah/kencing manis kering, Menjaga dan menambah daya tahan tubuh.","Rimpang Kunyit,Rimpang Kencur, Rimpang Jahe, Herba Sambiloto","pengobatan, dewasa 1 sendok makan 2x sehari. Anak-anak 1/2 sendok makan 2x sehari diseduh dengan air matang 200 ml. untuk menjaga badan tetap sehat dan bugar diminum rutin 1x sehari","Jamu walet super sehat dapat mengakibatkan sering buang air besar, sering buang air kecil, keringat berlebih, mual dan muntah, namun efek samping berikut hanya bersifat sementara sesuai dengan tingkat/level penyakit yang diderita.",serbuk,PT.QOMAR JAYA NUSANTARA,online,Sumenep,Sumenep,KEMENKES
170,SUPER KUAT BURUNG WALET,"Insyaallah sangat ampuh untuk menambah kepuasan Sex, Tahan keluarnya air sperma, menambah kejantanan, mengencangkan otot dzakar, menguatkan dan mengobati impoten yang menahun, merangsang dan mempercepat hidupnya dzakar, menambah energi baru setelah berhubungan, mengganti sel-sel tubuh yang aus, mengobati lesu, loyo, sakit pinggang, sakit kepala, dan menambah daya tahan tubuh dan menambah vitalitas pria dan wanita.","10% Ekstrak Kopi Rempah, 15% Kulit Batang Kayu Manis (Cassia), 20% Daun Psidium",Sehari 2 bungkus diminum pagi dan sore/malam 25menit-1 jam sebelum tidur (Boleh dicampur dengan telur ayam kampung dan madu) Untuk menjaga tubuh tetap sehat diminum 1 hari sekali.,,serbuk,PT.QOMAR JAYA NUSANTARA,online,Sumenep,Sumenep,KEMENKES
171,KOPI JANTAN ANTI DIABETES,"Insya Allah sangat ampuh untuk mengatasi penyakit diabetes, lemah syahwat, ejakulasi dini, meningkatkan libido, menambah stamina, vitalitas dan meningkatkan daya tahan tubuh pria dan wanita.","15% Ekstrak Kopi Rempah, 10% Ekstrak Andrografis, 20% Ekstrak Akar Ginseng, 20% Ekstrak Rimpang Jahe Merah, Dan bahan lainnya hingga total 100%.",Terapi pengobatan sehari 2 bungkus diminum pagi dan malam hari. Untuk menjaga tubuh tetap sehat 1 bungkus diminum satu kali sehari.,,serbuk,PT.QOMAR JAYA NUSANTARA,online,Sumenep,Sumenep,KEMENKES
172,MADU Ruqyah,"Insya Allah dapat mencegah dan Menyembuhkan segala macam penyakit: Diabetes, Kolesterol, Asam Urat, Asam Lambung, Alergi, Ginjal, Asthma, Maag, Darah Tinggi, Lever, Kanker, Kusta, Stroke, Lumpuh, Keputihan, Meningkatkan gairah sex pria/wanita, kesulitan mendapatkan keturunan, Gangguan Jin/Psikis, dan kena Sihir/Santet","Madu Pahit, Sarang Burung Walet, Habbatus Saudah","2X sehari, 1 sendok makan diseduh dengan air hangat 200ml, diminum sebelum makan dan sebelum tidur. untuk mendapat hasil maksimal diminum secara rutin dan teratur.",,cair,PT.QOMAR JAYA NUSANTARA,online,Sumenep,Sumenep,KEMENKES
173,SUSU SUPER SEHAT GOLD,"Mengatasi kencing manis basah/kering, Diabetes, Asam urat, Liver, Kanker, Mudah lesu/loyo/letih/kurang semangat atau kurang energik, Merawat dan memperkuat otot Mr.P, Menambah stamina pria dan wanita, Merawat dan mengencangkan Ms V, Mengatasi keputihan, Lendir berlebih pada Ms,V, Bau badan tidak sedap, Kurang darah, Jerawat, bisul, kudis dan sejenisnya, Merawat, mengencangkan dan mengatasi kulit mati/ mudah kering, Menambah nafsu makan, baik untuk dewasa ataupun bagi anak-anak(usia minimal 5 tahun), Menambah berat badan dengan menambah nafsu makan, DII, intinya MULTI KHAS","Terbuat dari biji kedelai pilihan, sarang burung walet, pemanis alami dari sari bunga dan tebu, akar tanaman, dan bahan-bahan khsus lainnya yang 100 alami dan asli dari madura","Aman diminum sebelum atau sesudah makan, namun kami anjurkan untuk diminum sesudah makan dan 2 jam sebelum tidur",,serbuk,PT.QOMAR JAYA NUSANTARA,online,Sumenep,Sumenep,KEMENKES
174,SUBUR KANDUNGAN,dapat menyuburkan kandungan. Baik untuk ibu yang baru keguguran,,,,,Karya Ibu Abdullah,online,,Pamekasan,KEMENKES
175,SABUN CAIR SIRIH,harum dan keset pembersih daerah khusus kewanitaan,,,,cair,UD.MUSTIKA BANI,online,,,
176,krim rondo ayu,Khasiat dapat mengencangkan payudara yang turun. Disarankan diminum dengan kapsul montok payudara untuk hasil yang maksimal.,,,,krim,Karya Ibu Abdullah,madura,,Pamekasan,
177,harum rempah spray(perfume),"Dapat menghilangkan bau badan. Bisa digunakan untuk ketiak, leher, kaki, dan rambut.",,,,cair,Karya Ibu Abdullah,madura,,Pamekasan,
178,virginity spray,dapat membuat wangi bagian bawah,,,,cair,Karya Ibu Abdullah,madura,,Pamekasan,
179,empot-empot ayam super,"Menggairahkan kembali hubungan suami istri, Menyerap kelebihan lendir (keputihan), Mencegah dan menghilangkan bau tidak sedap pada bagian kewanitaan dan menghilangkan bau badan, Mengencangkan kembali ototÂ² kewanitaan setelah melahirkan, Mengembalikan kegadisan / keperawanan, Tidak dianjurkan diminum ketika sedang masa haid/masa nifas",,,,pil,Karya Ibu Abdullah,madura,,Pamekasan,
180,galian rapet awet muda,"Menggairahkan kembali hubungan suami istri, Menyerap kelebihan lendir (keputihan), Mencegah dan menghilangkan bau tidak sedap pada bagian kewanitaan dan menghilangkan bau badan, Dapat dikonsumsi oleh gadis / remaja, Mengembalikan kegadisan / keperawanan, Tidak dianjurkan diminum ketika sedang masa haid/masa nifas",,,,pil,Karya Ibu Abdullah,madura,,Pamekasan,
181,serbuk nikmat surga,"Menambah rasa kenikmatan dalam bersetubuh, Menggairahkan kembali hubungan suami istri, Menyerap kelebihan lendir (keputihan), Menghilangkan bau tidak sedap pada bagian kewanitaan, Tidak dianjurkan diminum ketika sedang masa haid/masa nifas",,,,serbuk,Karya Ibu Abdullah,madura,,Pamekasan,
182,Bedak madu,"Mengangkat selÂ² kulit mati, Mencegah timbulnya jerawat, Menghilangkan flek hitam di wajah, Menghilangkan mata panda, menghilangkan biang keringat",,,,pil,Karya Ibu Abdullah,madura,,Pamekasan,
183,Gemuk Sehat,"Menambah nafsu makan, Membersihkan jerawat, Menghaluskan kulit, Menghilangkan bau mulut dan bau badan, Membuat tubuh padat berisi (montok), Menambah semangat kerja","10% Kayu Secang, 10% Kulit Batang Kayu Manis (Cassia), 15% Buah Fomiculli (Pastikan penulisan yang benar), 10% Bunga Cengkeh, Dan bahan lainnya hingga total 100%.",,,kapsul,Karya Ibu Abdullah,madura,,Pamekasan,BPOM
184,Montok Payudara,"Membuat tubuh montok dan berisi, Melangsingkan dan menyingsetkan tubuh, Mengencangkan payudara, Menghilangkan pegalÂ² dan kecapean, Menambah semangat kerja, Menggantikan selÂ² kulit mati dengan segera, Kulit menjadi halus dan berseri",,,,kapsul,Karya Ibu Abdullah,madura,,Pamekasan,KEMENKES
185,Peluntur Lemak,"Melarutkan lemak dalam tubuh, Mengurangi nafsu makan, Menyusutkan lemak perut, Menurunkan kolesterol, Melancarkan BAB",,,,kapsul,Karya Ibu Abdullah,madura,,Pamekasan,BPOM
186,empot-empotan,"Mengobati keputihan, Menyehatkan / menyingsetkan badan, Menambah gairah hubungan suami-istri, Mengobati gatalÂ² dan menghilangkan bau badan dan bau mulut, Cocok bulanan, Menguatkan ototÂ² muda kembali",,,,kapsul,Karya Ibu Abdullah,madura,,Pamekasan,BPOM
187,Kuat Semangat Helbeh Mutiara,"Mengatasi lemah syahwat, sakit pinggang, rematik, encok dll, Helbeh mutiara ini merangsang otot dan syaraf yang lemah pada seluruh organ tubuh, Menghilangkan jantung berdebar, letih, lesu, dan asam urat, Menghilangkan nyeri tulang dan tambah darah",,,,kapsul,Karya Ibu Abdullah,madura,,Pamekasan,BPOM
188,jamu kuat Helbeh Mutiara,"Menghilangkan rasa letih, Menambah tenaga /energi, Mengobati lemah syahwat, Mengobati jantung berdebar, Menghilangkan sakit pinggang, Menghilangkan rematik/encok, Mengurangi asam urat, Menghancurkan batu ginjal",,,,cair,Karya Ibu Abdullah,madura,,Pamekasan,BPOM
189,jamu kuat pria dewasa semalam di madura,meningkatkan stamina dan daya tubuh pria,,,,,PD Sakera Madura,,,,KEMENKES
190,jamu helbeh semangat ramuan herbal madura,"menguatkan badan, mencerdaskan otak, mencegah reumatik, menambah semangat, menyembuhkan batuk asma, menyembuhkan sakit pinggang",,,,selai,JKU SUPER,,,Pamekasan,
191,jamu sariwangi ramuan madura,"untuk membantu menghilangkan bau mulut dan bau badan pada pria dan wanita, produk sari wangi ini merupakan jamu herbal yang bisa membantu menghilangkan bau mulut, bau badan dan keringat serta bau yang keluar dari tubuh manusia, dan juga bau yang keluar dari mulut yang bersumber dari perut dan pencernaan.",,,,kapsul,jokotole,indonesia,,Bangkalan,
192,Serimpang,,kunyit dan gula,larutkan 2 sdm ekstrak herbal kunyit dengan 150 ml air panas atau dingin,,serbuk,UD. SIMPANG TIGA,,,Sampang,P-IRT
193,Lancar darah,"untuk melancarkan keluarnya darah pada waktu dan masa datang bulan, mencegah dan mengurangi sakit perut, sakit pinggang, pusing, dan nyeri yang timbul pada masa datang bulan",,,,,Madura Sari,,,sampang,KEMENKES
194,jamu tradisional madura kecantikan,"menjaga agr badan tetap sehat, segar, awet muda dan mencegah timbulnya jerawat, melangsingkan tubuh dan mengencangkan tubuh, mengurangi bau badan",,,,pil,Ny. Hj Hayati,,,Sampang,KEMENKES
195,jamu gendong klasik madura(JKM),"Menjaga kebersihan Miss V, Mencegah keputihan, Menghilangkan bau tak sedap, Menghilangkan gatal - gatal, Mengurangi lendir berlebih, Merapatkan miss V, Empot - Empot, Membuat Miss V lebih keset dan harum, Mengencangkan otot - otot Miss V, Cocok untuk ibu menyusui, Melancarkan HAID, Mendetox kotoran yg ada pada rahim",,,,pil,JKM,,,,
196,ramuan tradisional madura,"asma, reumatik, tekanan darah tinggi, kencing manis, kencing batu, ginjal, amandel, tumor, migrain, lever alergi mag, mag, lemah jantung, exim, kurang nafsu makan, kurang darah, lemah syahwat, asam urat",,,,serbuk,CV.WAHYU ILLAHI,,Sumenep,Sumenep,BPOM
197,jamu sehat bugar,"Membantu menyembuhkan, Asma, Sebagai obat Reumatik, Bisa mengobati Tekanan, Darah Tinggi, Dapat membantu menyembuhkan, Kencing Manis (diabetes), Dapat membantu menyembuhkan Kencing Batu, Bisa Membantu menyembuhkan Penyakit, Ginjal, Membantu menyembuhkan Amandel, Membantu Menyembuhkan,Tumor, Dapat membantu menyembuhkan, Migrain (sakit kepala), Bisa membantu menyembuhkan, Lever atau hepatitis, Dapat membantu menyembuhkan, Alergi, Bisa membantu menyembuhkan, Menyembuhkan Mag, Dapat membantu menyembuhkan, Lemah Jantung, Membantu , Mengobati Eksim (penyakit kulit), Menambah Nafsu makan, Bisa membantu menyembuhkan Kurang darah, Bisa membantu menyembuhkan Lemah, Syahwat, dan Dapat membantu menyembuhkan Asam Urat","temulawak 3,75 gram,  rimpang jahe 3 gram, kencur 3 gram, kayu manis 2,25 gram, laos 2,70, kopi arabica 0,30 gram",,,serbuk,CV.WAHYU ILLAHI,,Sumenep,Sumenep,BPOM
198,galian singset (susut perut),untuk mengurangi lemak dalam tubuh,"30% Daun Guazumae, 10% Bunga Cengkeh, 15% Rimpang Temulawak, 15% Rimpang Jahe, 15% Kulit Batang Kayu Manis (Cassia), Dan bahan lainnya hingga total 100%.",,,selai,berkah madu/sumber madu,indonesia,"Jl. KH. Mohamad Kholil No.50A, Demangan Timur, Demangan, Kec. Bangkalan, Kabupaten Bangkalan, Jawa Timur 69115",bangkalan,BPOM
199,super empot,"Mengencangkan kembali otot otot kewanitaan, Mengurangi lendir berlebihan pada daerah kewanitaan, Memberikan kepuasan hubungan suami istri, Menjaga kesehatan wanita, Menjaga agar awet muda.","Kulit Buah Delima, bubuk Pronojiwo, Majakani,Akar Licorice Acutilobum, Kayu Rapet","2 x 5 pil sehari ( pada pagi dan malam / 30 menit setelah makan ). Jamu diminum sebanyak 5 pil , yaitu pagi waktu 30 menit sesudah dan petang sesudah makan malam",,pil,berkah madu/sumber madu,indonesia,"Jl. KH. Mohamad Kholil No.50A, Demangan Timur, Demangan, Kec. Bangkalan, Kabupaten Bangkalan, Jawa Timur 69116",bangkalan,BPOM
200,super rapet,membantu mengurangi lendir,,3xsehari 5 butir.,,pil,berkah madu/sumber madu,indonesia,"Jl. KH. Mohamad Kholil No.50A, Demangan Timur, Demangan, Kec. Bangkalan, Kabupaten Bangkalan, Jawa Timur 69117",bangkalan,BPOM
201,JAMU PEGEL LINU,mengatasi gatal2 dan bau yg kurang sedap pada wanita,,,,pil,berkah madu/sumber madu,indonesia,"Jl. KH. Mohamad Kholil No.50A, Demangan Timur, Demangan, Kec. Bangkalan, Kabupaten Bangkalan, Jawa Timur 69118",bangkalan,BPOM
202,galian rapet,rapat mencengkram saat berhubungan intim.hingga melestarikan hubungan suami istri ,,3 x sehari @5 pil sekali minum ,,pil,berkah madu/sumber madu,indonesia,"Jl. KH. Mohamad Kholil No.50A, Demangan Timur, Demangan, Kec. Bangkalan, Kabupaten Bangkalan, Jawa Timur 69119",bangkalan,BPOM
203,jamu dalimah putih,dan selalu awet muda,,3 x sehari @ 5 biji,,pil,berkah madu/sumber madu,indonesia,"Jl. KH. Mohamad Kholil No.50A, Demangan Timur, Demangan, Kec. Bangkalan, Kabupaten Bangkalan, Jawa Timur 69120",bangkalan,BPOM
204,GALIAN SEHAT / MONTOK,"Pil jamu ramuan Madura untuk wanita / pria yang kurang nafsu makan, berbadan kurus, muka pucat, sering sakit, badan lemah dan lain-lain. Minumlah jamu ini secara teratur supaya badan jadi sehat, segar dan montok padat berisi.","Rimpang Kunyit,Rimpang Temulawak, Rimpang Lengkuas,Buah Kabesak",Minum 3 x 5 pil / hari.,,pil,berkah madu/sumber madu,indonesia,"Jl. KH. Mohamad Kholil No.50A, Demangan Timur, Demangan, Kec. Bangkalan, Kabupaten Bangkalan, Jawa Timur 69121",bangkalan,BPOM
205,minyak zaitun,"Mangencangkan dan menghaluskan kulit muka dan seluruh tubuh (kulit bersisik, pecah-pecah dan kasar), dan sebagai pengganti pelembab dan bisa juga untuk minyak urut/pijat baik untuk dewasa dan anak/bayi.",,Oleskan minyak zaitun secukupnya bagian kulit/tubuh yang dikehendaki.,,cair,berkah madu/sumber madu,indonesia,"Jl. KH. Mohamad Kholil No.50A, Demangan Timur, Demangan, Kec. Bangkalan, Kabupaten Bangkalan, Jawa Timur 69122",bangkalan,BPOM
206,super pria,"Menyembuhkan lemah syahwat dan impotensi pada laki laki, Menambah gairah bagi pria.","Biji Benalu,batang tumbuhan, biji pinang 20%, kulit kering  20% Dan bahan lain sampai 100%",,,pil,berkah madu/sumber madu,indonesia,"Jl. KH. Mohamad Kholil No.50A, Demangan Timur, Demangan, Kec. Bangkalan, Kabupaten Bangkalan, Jawa Timur 69123",bangkalan,BPOM
